Loan-A,Loan-B,Loan-C,Loan-D,Days
10587.41372,1227.294609,4661.275409,278.7437907,< 5
11785.27955,1891.648269,5419.42111,1488.82628,< 10
12561.17045,2031.115802,5642.578236,1621.298892,< 15
12951.42563,2074.623097,5803.651313,1800.3733,< 20
13213.29659,2127.941058,5857.065277,2061.31758,< 25
14006.365,2286.560622,6726.663863,2754.305905,< 30
14993.19319,2483.855137,8979.61677,4389.141731,>30